[
{
    "model": "accounts.user",
    "pk": 1,
    "fields": {
        "password": "pbkdf2_sha256$260000$VcLns86eSoaPtG5M1X5ZoN$Q6+yC4/WcLgBBld2rOba+t+S7vD8qxF77rAeibBnOTo=",
        "last_login": "2022-10-12T04:51:19.674Z",
        "is_superuser": false,
        "username": "test1",
        "first_name": "",
        "last_name": "",
        "email": "",
        "is_staff": false,
        "is_active": true,
        "date_joined": "2022-10-12T04:51:19.527Z",
        "groups": [],
        "user_permissions": [],
        "followings": []
    }
},
{
    "model": "accounts.user",
    "pk": 2,
    "fields": {
        "password": "pbkdf2_sha256$260000$xIe8TsvXDRCTmFO0c3otYv$oS18iDTbJn4AMJeaKza7/MUzwc3iWipZwhxaZdztbtQ=",
        "last_login": "2022-10-12T05:43:10.354Z",
        "is_superuser": false,
        "username": "test2",
        "first_name": "",
        "last_name": "",
        "email": "",
        "is_staff": false,
        "is_active": true,
        "date_joined": "2022-10-12T05:43:10.206Z",
        "groups": [],
        "user_permissions": [],
        "followings": [
            1
        ]
    }
}
]
